{"cameraMode":{"drawMode":0,"name":"Shaded","section":"Shading Mode"},"sceneLighting":false,"audioPlay":false,"sceneViewState":{"showFog":true,"showMaterialUpdate":false,"showSkybox":true,"showFlares":true,"showImageEffects":true,"showParticleSystems":true},"in2DMode":false,"pivot":{"x":57.925537109375,"y":2.85693359375,"z":21.658203125},"rotation":{"x":0.020364997908473016,"y":0.05545968562364578,"z":-0.0011313660070300103,"w":0.9982525706291199},"size":16.609621047973634,"orthographic":true}