{"cameraMode":{"drawMode":0,"name":"Shaded","section":"Shading Mode"},"sceneLighting":false,"audioPlay":false,"sceneViewState":{"showFog":true,"showMaterialUpdate":false,"showSkybox":true,"showFlares":true,"showImageEffects":true,"showParticleSystems":true},"in2DMode":false,"pivot":{"x":381.8999938964844,"y":28.22163200378418,"z":-78.828125},"rotation":{"x":0.0593411959707737,"y":0.02694852463901043,"z":-0.0016026843804866076,"w":0.9978726506233215},"size":13.386425971984864,"orthographic":true}